userName,userImage,content,score,thumbsUpCount,reviewCreatedVersion,at,replyContent,repliedAt,appVersion,category,sub_topic,top_emotion,emotion_confidence,risk_score,priority_level
User_5486,,The Help function is AI driven and does not allow user to describe other issues with the trip. I requested a ride and the driver started the trip about 10minutes before pick up. App help is useless if the user cannot describe the problem. I'm very disappointed by this.,1,4,4.555.10003,2024-12-06 23:59:47,,,4.555.10003,Neutral,App UI & Technical Feedback,disappointment,0.797573447227478,5.597305148571491,Non-Actionable
User_3648,,"This app is now a scam and the heads of uber have become cocky with how the app prices journeys. Used to be good, now utter rubbish. There are inflated prices constantly. They inflate the prices if u use a gift card, u get little to no discount as an uberone member and if u do, its a discount on an inflated price so u still pay more. wait times are slower now unless u pay an inflated price. used for couple years but it's obvious now. Don't pay for uberone, u get nothing back and pay more for it",1,2,4.555.10003,2024-12-10 20:50:26,,,4.555.10003,Neutral,Value for Money,annoyance,0.629377543926239,4.874877552225544,Non-Actionable
User_2719,,"I've had this app for long but I've been using bolt.I just decided to try it fora change and I'm very dissatisfied.On the very first trip I was stressed out and wasted a lot of time before I could get home which was very bad service.If not for the option of one star,I would've never thought of giving one not to talk about more.Please talk to your drivers to mind what they say and how not to raise their voices",1,3,4.555.10003,2024-12-12 22:36:04,,,4.555.10003,Neutral,App UI & Technical Feedback,disappointment,0.6658134460449219,4.7153615913445,Non-Actionable
User_11883,,"I used this for at least 2 years, some of the features are disappointing. i want to text my driver ahead of time to let them know I might have a lot of stuff to bring in the car for my trip.",3,0,4.548.10001,2024-11-25 04:04:57,,,4.548.10001,Neutral,App UI & Technical Feedback,disappointment,0.8515930771827698,4.257965385913849,Non-Actionable
User_10663,,Worst app on this planet.They love to loot their customers so please don't install it sucks..,1,0,4.553.10000,2024-11-27 13:06:51,,,4.553.10000,Neutral,Billing & Overcharging,anger,0.46932777762413025,4.223949998617172,Non-Actionable
User_750,,"Prices have become absolutely ridiculous. Charging almost 50 bucks for a 15 minute ride when it's not even snowing or raining? Beyond robbery, i only use when there's some type of deal now.",2,0,4.556.10005,2024-12-16 23:09:02,,,4.556.10005,Neutral,Billing & Overcharging,annoyance,0.691866397857666,4.151198387145996,Non-Actionable
User_4767,,"Really disappointed!! Bought uber one but it's really waste of money cause I'm not saving anything here instead paying more just checked the prices on other locations the price is difference is noticeably, I uber one user is paying more... Other app was asking 202,211 but here uber is asking 254 after 10% credits it's still more than other apps",1,0,,2024-12-08 13:47:08,,,,Neutral,Billing & Overcharging,disappointment,0.819776713848114,4.09888356924057,Non-Actionable
User_7108,,Useless application. They are practically thugs.,1,0,4.554.10001,2024-12-03 20:19:21,,,4.554.10001,Neutral,Value for Money,anger,0.44379153847694397,3.9941238462924957,Non-Actionable
User_8001,,User experience with this app has really declined over the years.,1,1,4.554.10001,2024-12-02 10:03:54,,,4.554.10001,Neutral,App UI & Technical Feedback,disappointment,0.655555009841919,3.97092222976954,Non-Actionable
User_8686,,"Some times I faced difficulty. I open my location but this app picked up other location far 30-40km from my location. It is very bad for any customer who use this app for emergency time. I give 5 star, 8-9 month before but now I give only 1 star because I face problem.",1,1,4.554.10001,2024-12-01 05:11:15,,,4.554.10001,Neutral,App UI & Technical Feedback,disappointment,0.6105824112892151,3.746059237006021,Non-Actionable
User_10277,,"Every time I use this app I pretty much feel like I'm being taken advantage of. I don't understand why the prices can change from $22 to $38 to go to the exact same place? Just because it's not 2: 00pm anymore it's 5:00pm. This app is pretty much a total scam, I try to avoid using whenever possible.",1,0,,2024-11-28 06:00:17,,,,Neutral,Billing & Overcharging,annoyance,0.5599462389945984,3.3596774339675903,Non-Actionable
User_10556,,Good but somethings it sucks,3,0,,2024-11-27 17:16:25,,,,Neutral,Value for Money,annoyance,0.5470159649848938,3.282095789909363,Non-Actionable
User_8792,,The last half a dozen times I try to use it in left waiting for a driver and after a long wait there's none available. It's becoming really useless.,1,0,4.554.10001,2024-11-30 23:43:01,,,4.554.10001,Neutral,Wait Times & Delays,disappointment,0.627070426940918,3.13535213470459,Non-Actionable
User_1280,,Too expensive and cars not available. Totally useless,1,0,4.556.10005,2024-12-15 19:51:01,,,4.556.10005,Neutral,Value for Money,annoyance,0.5145288705825806,3.0871732234954834,Non-Actionable
User_8148,,One of the worse companies ever. Their whole support team is ridiculous and very unprofessional. The entire app is junk. I will never use it again,1,0,,2024-12-02 02:19:42,,,,Neutral,Speeding & Reckless Driving,annoyance,0.5112262964248657,3.0673577785491943,Non-Actionable
User_9265,,not available in italy. It's a shame.,5,0,4.554.10001,2024-11-30 04:34:51,,,4.554.10001,Neutral,Value for Money,disappointment,0.6132785677909851,3.0663928389549255,Non-Actionable
User_11964,,Useful in a pinch but I hate using it. I think they lie to their drivers about the percentage take. Also didn't know this but about 60% of all riders tip ZERO. Unions are needed bad to get some driver's rights in this bish if it's here to stay,1,0,4.553.10000,2024-11-24 23:18:47,,,4.553.10000,Neutral,Value for Money,annoyance,0.48077014088630676,2.8846208453178406,Non-Actionable
User_4075,,The experience has downgraded recently,3,0,4.555.10003,2024-12-09 22:21:55,,,4.555.10003,Neutral,Value for Money,disappointment,0.5503937005996704,2.751968502998352,Non-Actionable
User_2050,,I do not understand why I am charged an additional R66 for cash payment and that on a short trip. A 70% added cost!!!,2,0,4.556.10005,2024-12-14 09:18:30,,,4.556.10005,Neutral,Billing & Overcharging,confusion,0.9092947840690613,2.727884352207184,Non-Actionable
User_3855,,Very bad app totaly waste of time .,1,0,4.554.10001,2024-12-10 12:02:21,,,4.554.10001,Neutral,Value for Money,annoyance,0.44955623149871826,2.6973373889923096,Non-Actionable
User_2112,,Won't stop at 8 Spadina street Toronto. Not sure why.,2,0,4.556.10005,2024-12-14 05:43:15,,,4.556.10005,Neutral,Wait Times & Delays,confusion,0.8926972150802612,2.6780916452407837,Non-Actionable
User_1927,,Not use the app worst app,1,0,4.556.10005,2024-12-14 14:24:41,,,4.556.10005,Neutral,App UI & Technical Feedback,annoyance,0.391258180141449,2.347549080848694,Non-Actionable
User_9955,,company is trash. app is decent,1,0,4.554.10001,2024-11-28 21:35:13,,,4.554.10001,Neutral,Value for Money,annoyance,0.3812639117240906,2.2875834703445435,Non-Actionable
User_6120,,Worst app. Wouldnt give one star never books anytime irrelevant of traffic useless app,1,0,4.555.10003,2024-12-05 17:33:19,,,4.555.10003,Neutral,Value for Money,annoyance,0.34311047196388245,2.0586628317832947,Non-Actionable
User_7143,,"The app works. The drivers are great. However, when I am running late and I pick a car that says 1m away, I expect it to be 1m away, not 5-10m. I spend tons of money on this app. Please try to make wait times more accurate if possible? Also why am I soending more money for the faster option (4m wait time) only for the faster option to turn into 6m? Make it make sense",3,3,4.554.10001,2024-12-03 19:17:18,,,4.554.10001,Neutral,Wait Times & Delays,admiration,0.6720859408378601,2.058380301957751,Non-Actionable
User_5432,,"Update (12/06/2024): Company is the most obnoxious business in history. In any world other than clown world they would fined/legislated into extinction & already bankrupt. Oh how I long to read about their CEO getting ""Brian Thompsoned"" someday. Their latest cuntyness is spamming you with marketing notifications at times that their research indicates will be the MOST irritating or inconvenient. They obviously realize that muting notifications will interfere with the app & most won't bother.",1,4,4.553.10000,2024-12-07 03:25:50,"Hi Robert, this doesn't sound right. We're always looking to improve your experience with Uber and we would certainly like to know more about this. Let us know about any such specific incident by sending a quick note to t.uber.com/contact and we'll connect.",2018-12-06 18:16:07,4.553.10000,Neutral,App UI & Technical Feedback,neutral,0.4473554491996765,2.056793361633777,Non-Actionable
User_1425,,"Not recommended, try other apps to book cab",1,2,4.556.10005,2024-12-15 13:47:26,,,4.556.10005,Neutral,Emergency/Safety Concerns,disapproval,0.6519544720649719,1.7505667607330817,Non-Actionable
User_2060,,map is blank on Samsung A50s,1,1,4.556.10005,2024-12-14 08:49:22,,,4.556.10005,Neutral,Value for Money,neutral,0.9675158262252808,1.6606630067852262,Non-Actionable
User_9992,,"The later the ride the less expensive it's supposed to be because it's off peak. Not more expensive. Ya'll created this app to save people time and money, yet all you are accomplishing is wasting people's time and costing people more money. Do better.",1,3,4.554.10001,2024-11-28 20:07:57,,,4.554.10001,Neutral,Value for Money,neutral,0.2710448205471039,1.6573391816669945,Non-Actionable
User_6545,,"Please take a screenshot of the final amount that is displayed whenever you schedule an order. Uber will often remove any promotions applied, and the Help will ask you for a screenshot to make the adjustment. The app is designed in a way that there is no way to get that screenshot when an order is delivered.",1,1,4.554.10001,2024-12-04 21:28:54,,,4.554.10001,Neutral,App UI & Technical Feedback,neutral,0.9480399489402771,1.6411871295002225,Non-Actionable
User_3456,,Veri bed aap not open to my phoan,1,1,,2024-12-11 09:09:37,,,,Neutral,Emergency/Safety Concerns,neutral,0.9422041177749634,1.6353512983349088,Non-Actionable
User_3299,,"Review for Uber EATS only. Do not use Uber Eats as opposed to other delivery services. Delivery drivers accept your order, then proceed to not deliver your order but to run personal errands or deliver for other services (Uber Eats GPS shows their location). There is no time limit for the deliver drivers so they can choose how long to take to deliver your order. You may wait 20 minutes, or 2 hours, it's up to them. I had two delivery drivers accept my order and then drive miles away. Do not use",1,1,4.555.10003,2024-12-11 17:05:15,,,4.555.10003,Neutral,Wait Times & Delays,neutral,0.8997175097465515,1.592864690306497,Non-Actionable
User_3987,,"If you have any issues as a rider, there is no option to contact the support. There are many glitches in the app but it seems like they think it's perfect and no need support.",1,1,4.555.10003,2024-12-10 03:45:44,,,4.555.10003,Neutral,App UI & Technical Feedback,neutral,0.8605384230613708,1.5536856036213162,Non-Actionable
User_11889,,I am not sure what has taken place the past months but I hope to see a class action lawsuit for the misleading times that come up for how far the driver is away. Not accurate and the you select what you are assuming is how ever far away the driver is and then you go to finding driver and infant there are no drivers that times distance away. This had been happening consistently for.the pat few months then it says will connect to a driver by another time after. What was 4 min was 25 to wait lie,1,0,4.553.10000,2024-11-25 03:23:19,,,4.553.10000,Neutral,Wait Times & Delays,confusion,0.516975462436676,1.550926387310028,Non-Actionable
User_4134,,The new update us pathetic,5,1,4.555.10003,2024-12-09 19:34:28,,,4.555.10003,Neutral,Value for Money,sadness,0.7372280955314636,1.430375276091409,Non-Actionable
User_7502,,"support is abysmal. pre-typed responses that absolutely do not cover all bases. no ""other"" option. no ""speak to a human"" option. only pre-typed responses that are often useless. this is definitely by design.",1,1,4.554.10001,2024-12-03 03:43:19,,,4.554.10001,Neutral,Value for Money,disapproval,0.4187007248401642,1.1118479054001096,Non-Actionable
User_4,,exllence,5,0,4.556.10005,2024-12-18 17:08:16,,,4.556.10005,Neutral,Emergency/Safety Concerns,neutral,0.9698184728622437,0.9698184728622437,Non-Actionable
User_2878,,Naice app,5,0,4.467.10008,2024-12-12 15:47:26,,,4.467.10008,Neutral,App UI & Technical Feedback,neutral,0.9696837663650513,0.9696837663650513,Non-Actionable
User_11335,,Ghaint,5,0,4.553.10000,2024-11-26 07:26:59,,,4.553.10000,Neutral,Emergency/Safety Concerns,neutral,0.9694778919219971,0.9694778919219971,Non-Actionable
User_8473,,Nyc app,5,0,4.554.10001,2024-12-01 14:27:58,,,4.554.10001,Neutral,App UI & Technical Feedback,neutral,0.9684136509895325,0.9684136509895325,Non-Actionable
User_3890,,gentleman,5,0,4.555.10003,2024-12-10 10:33:49,,,4.555.10003,Neutral,Driver Professionalism,neutral,0.9684115052223206,0.9684115052223206,Non-Actionable
User_555,,Service is vell.,5,0,4.556.10005,2024-12-17 12:37:47,,,4.556.10005,Neutral,Value for Money,neutral,0.9684024453163147,0.9684024453163147,Non-Actionable
User_5724,,Or dena v mat,5,0,4.554.10001,2024-12-06 14:35:32,,,4.554.10001,Neutral,Value for Money,neutral,0.968203067779541,0.968203067779541,Non-Actionable
User_11560,,Freindly person,5,0,4.550.10001,2024-11-25 19:11:29,,,4.550.10001,Neutral,Value for Money,neutral,0.9680401682853699,0.9680401682853699,Non-Actionable
User_8863,,Nic app,5,0,4.551.10000,2024-11-30 20:58:42,,,4.551.10000,Neutral,App UI & Technical Feedback,neutral,0.9679295420646667,0.9679295420646667,Non-Actionable
User_263,,Nyc drivers,5,0,4.556.10005,2024-12-18 01:05:59,,,4.556.10005,Neutral,Emergency/Safety Concerns,neutral,0.9678086042404175,0.9678086042404175,Non-Actionable
User_10641,,Nyc service,5,0,4.553.10000,2024-11-27 14:09:22,,,4.553.10000,Neutral,Driver Professionalism,neutral,0.9676677584648132,0.9676677584648132,Non-Actionable
User_5811,,Bludy ediat appp,1,0,4.554.10001,2024-12-06 10:50:24,,,4.554.10001,Neutral,App UI & Technical Feedback,neutral,0.9673799276351929,0.9673799276351929,Non-Actionable
User_3225,,Ncy rider,5,0,4.555.10003,2024-12-11 20:47:15,,,4.555.10003,Neutral,Emergency/Safety Concerns,neutral,0.9673309326171875,0.9673309326171875,Non-Actionable
User_4131,,Noice app,5,0,4.555.10003,2024-12-09 19:43:20,,,4.555.10003,Neutral,Value for Money,neutral,0.9673238396644592,0.9673238396644592,Non-Actionable
User_1445,,Noice,5,0,4.556.10005,2024-12-15 13:18:41,,,4.556.10005,Neutral,Value for Money,neutral,0.9673190116882324,0.9673190116882324,Non-Actionable
User_10758,,Noice,5,0,,2024-11-27 09:35:18,,,,Neutral,Value for Money,neutral,0.9673190116882324,0.9673190116882324,Non-Actionable
User_186,,Bed,1,0,4.556.10005,2024-12-18 07:09:32,,,4.556.10005,Neutral,Value for Money,neutral,0.9673066735267639,0.9673066735267639,Non-Actionable
User_9542,,smoooth,5,0,4.554.10001,2024-11-29 17:46:28,,,4.554.10001,Neutral,Value for Money,neutral,0.967293381690979,0.967293381690979,Non-Actionable
User_4183,,Dum & dum application,1,0,4.555.10003,2024-12-09 17:29:31,,,4.555.10003,Neutral,App UI & Technical Feedback,neutral,0.9672768712043762,0.9672768712043762,Non-Actionable
User_660,,Reader hatao,1,0,4.556.10005,2024-12-17 04:19:12,,,4.556.10005,Neutral,Value for Money,neutral,0.9672654867172241,0.9672654867172241,Non-Actionable
User_9852,,Sehr gut,5,0,,2024-11-29 02:30:10,,,,Neutral,Value for Money,neutral,0.9670064449310303,0.9670064449310303,Non-Actionable
User_4968,,Nise,5,0,4.555.10003,2024-12-08 02:22:18,,,4.555.10003,Neutral,Value for Money,neutral,0.9664542078971863,0.9664542078971863,Non-Actionable
User_8196,,Nise,5,0,4.554.10001,2024-12-01 23:53:28,,,4.554.10001,Neutral,Value for Money,neutral,0.9664542078971863,0.9664542078971863,Non-Actionable
User_2381,,Dope,5,0,4.555.10003,2024-12-13 17:25:37,,,4.555.10003,Neutral,App UI & Technical Feedback,neutral,0.966428279876709,0.966428279876709,Non-Actionable
User_2610,,Nece experience,5,0,4.556.10005,2024-12-13 05:25:06,,,4.556.10005,Neutral,Emergency/Safety Concerns,neutral,0.9662477374076843,0.9662477374076843,Non-Actionable
User_5961,,Bas,4,0,4.553.10000,2024-12-06 00:29:07,,,4.553.10000,Neutral,Value for Money,neutral,0.966092050075531,0.966092050075531,Non-Actionable
User_9259,,Exhalent service,5,0,4.554.10001,2024-11-30 04:57:03,,,4.554.10001,Neutral,Value for Money,neutral,0.9660224914550781,0.9660224914550781,Non-Actionable
User_6052,,Nace app,5,0,4.554.10001,2024-12-05 20:28:29,,,4.554.10001,Neutral,App UI & Technical Feedback,neutral,0.9660055041313171,0.9660055041313171,Non-Actionable
User_3982,,Picks up in the middle of nowhere sometimes. Searched residential for who has the app on,5,0,4.553.10000,2024-12-10 04:16:03,,,4.553.10000,Neutral,Value for Money,neutral,0.9657914638519287,0.9657914638519287,Non-Actionable
User_9372,,Mid,1,0,,2024-11-29 23:20:09,,,,Neutral,Value for Money,neutral,0.9657835960388184,0.9657835960388184,Non-Actionable
User_3944,,Expensive and mid,1,0,4.555.10003,2024-12-10 07:49:04,,,4.555.10003,Neutral,Billing & Overcharging,neutral,0.9656306505203247,0.9656306505203247,Non-Actionable
User_1604,,IDK,5,0,4.555.10003,2024-12-15 05:13:30,,,4.555.10003,Neutral,Wait Times & Delays,neutral,0.9653797149658203,0.9653797149658203,Non-Actionable
User_7307,,Third class app,1,0,4.554.10001,2024-12-03 13:04:59,,,4.554.10001,Neutral,Value for Money,neutral,0.9652212858200073,0.9652212858200073,Non-Actionable
User_10610,,Excilent,5,0,4.551.10000,2024-11-27 15:15:09,,,4.551.10000,Neutral,Emergency/Safety Concerns,neutral,0.9651380181312561,0.9651380181312561,Non-Actionable
User_4906,,Excilent,5,0,4.555.10003,2024-12-08 06:36:09,,,4.555.10003,Neutral,Emergency/Safety Concerns,neutral,0.9651380181312561,0.9651380181312561,Non-Actionable
User_9667,,Nece,5,0,4.554.10001,2024-11-29 12:43:20,,,4.554.10001,Neutral,Emergency/Safety Concerns,neutral,0.9651121497154236,0.9651121497154236,Non-Actionable
User_10186,,Chill,5,0,,2024-11-28 11:11:08,,,,Neutral,Value for Money,neutral,0.965092122554779,0.965092122554779,Non-Actionable
User_10809,,App is very slowly runs,4,0,4.553.10000,2024-11-27 07:21:52,,,4.553.10000,Neutral,Wait Times & Delays,neutral,0.9649994373321533,0.9649994373321533,Non-Actionable
User_17,,Very laye and herd settings,2,0,4.556.10005,2024-12-18 16:36:48,,,4.556.10005,Neutral,Value for Money,neutral,0.9649080038070679,0.9649080038070679,Non-Actionable
User_695,,Vero necesito person.,5,0,4.553.10000,2024-12-17 02:16:49,,,4.553.10000,Neutral,Emergency/Safety Concerns,neutral,0.9648029804229736,0.9648029804229736,Non-Actionable
User_11154,,MONOPOLY SYSTEM,1,0,,2024-11-26 15:27:56,,,,Neutral,Value for Money,neutral,0.9647868275642395,0.9647868275642395,Non-Actionable
User_5582,,Exhalent,5,0,4.555.10003,2024-12-06 20:33:09,,,4.555.10003,Neutral,Wait Times & Delays,neutral,0.964752733707428,0.964752733707428,Non-Actionable
User_11042,,Whenever u reqd nothing is available,1,0,4.553.10000,2024-11-26 19:38:37,,,4.553.10000,Neutral,Wait Times & Delays,neutral,0.9646668434143066,0.9646668434143066,Non-Actionable
User_6901,,quiet,5,0,4.554.10001,2024-12-04 07:03:27,,,4.554.10001,Neutral,Value for Money,neutral,0.9645503759384155,0.9645503759384155,Non-Actionable
User_7798,,Noce,5,0,4.554.10001,2024-12-02 16:46:44,,,4.554.10001,Neutral,Emergency/Safety Concerns,neutral,0.9644773006439209,0.9644773006439209,Non-Actionable
User_2534,,Low price,5,0,4.553.10000,2024-12-13 10:05:15,,,4.553.10000,Neutral,Value for Money,neutral,0.9638940691947937,0.9638940691947937,Non-Actionable
User_9504,,Low price,5,0,,2024-11-29 19:19:22,,,,Neutral,Value for Money,neutral,0.9638940691947937,0.9638940691947937,Non-Actionable
User_107,,Low price,5,0,4.556.10005,2024-12-18 12:19:39,,,4.556.10005,Neutral,Value for Money,neutral,0.9638940691947937,0.9638940691947937,Non-Actionable
User_8628,,Gèy nife gentleman.7,5,0,4.554.10001,2024-12-01 08:32:41,,,4.554.10001,Neutral,Driver Professionalism,neutral,0.9636450409889221,0.9636450409889221,Non-Actionable
User_812,,Dikhata Kuch hai or paise kuch leta hai drop par jake,1,0,4.556.10005,2024-12-16 20:51:43,,,4.556.10005,Neutral,Value for Money,neutral,0.9636300802230835,0.9636300802230835,Non-Actionable
User_2785,,Second to non,5,0,4.555.10003,2024-12-12 20:01:56,,,4.555.10003,Neutral,Value for Money,neutral,0.9635890126228333,0.9635890126228333,Non-Actionable
User_6718,,Very bed,1,0,,2024-12-04 15:17:12,,,,Neutral,Value for Money,neutral,0.9635500311851501,0.9635500311851501,Non-Actionable
User_11216,,nic,5,0,4.552.10000,2024-11-26 12:58:36,,,4.552.10000,Neutral,Value for Money,neutral,0.9634488224983215,0.9634488224983215,Non-Actionable
User_10807,,Freindlly,5,0,4.553.10000,2024-11-27 07:35:19,,,4.553.10000,Neutral,Value for Money,neutral,0.9634110927581787,0.9634110927581787,Non-Actionable
User_10163,,0 star,1,0,4.553.10000,2024-11-28 12:11:29,,,4.553.10000,Neutral,Wait Times & Delays,neutral,0.9629868268966675,0.9629868268966675,Non-Actionable
User_130,,Sober cab,5,0,4.555.10003,2024-12-18 11:26:47,,,4.555.10003,Neutral,Driver Professionalism,neutral,0.9624278545379639,0.9624278545379639,Non-Actionable
User_10004,,The cost estimator says £5.99-£11. The app says £20!,2,0,4.554.10001,2024-11-28 19:35:06,,,4.554.10001,Neutral,Value for Money,neutral,0.962275505065918,0.962275505065918,Non-Actionable
User_7699,,Grey trip,5,0,4.554.10001,2024-12-02 20:21:57,,,4.554.10001,Neutral,Wait Times & Delays,neutral,0.9620741009712219,0.9620741009712219,Non-Actionable
User_9309,,"DESGRAÇA DE APLICATIVO, NESSE PAÍS COMUNISTA NÃO TEMOS MUITAS OPÇÕES.",1,0,4.554.10001,2024-11-30 02:09:13,,,4.554.10001,Neutral,Emergency/Safety Concerns,neutral,0.961758553981781,0.961758553981781,Non-Actionable
User_4400,,No words,5,0,4.555.10003,2024-12-09 07:34:36,,,4.555.10003,Neutral,Value for Money,neutral,0.9617429971694946,0.9617429971694946,Non-Actionable
User_8445,,Nil,5,0,4.553.10000,2024-12-01 15:29:56,,,4.553.10000,Neutral,Emergency/Safety Concerns,neutral,0.960067629814148,0.960067629814148,Non-Actionable
User_2830,,Pricing algorithm is nonesense,1,0,,2024-12-12 18:06:14,,,,Neutral,Value for Money,neutral,0.9591798186302185,0.9591798186302185,Non-Actionable
User_10592,,Everytime drive was cancelled by the driver,1,0,4.553.10000,2024-11-27 15:53:14,,,4.553.10000,Neutral,Wait Times & Delays,neutral,0.9584770202636719,0.9584770202636719,Non-Actionable
User_723,,Won't open,1,0,,2024-12-17 00:19:37,,,,Neutral,Emergency/Safety Concerns,neutral,0.9579976797103882,0.9579976797103882,Non-Actionable
User_7345,,Always show less price than other apps...,5,0,4.554.10001,2024-12-03 11:54:17,,,4.554.10001,Neutral,Value for Money,neutral,0.9577381014823914,0.9577381014823914,Non-Actionable
User_7559,,quick,5,0,4.554.10001,2024-12-03 00:40:26,,,4.554.10001,Neutral,Value for Money,neutral,0.9574741125106812,0.9574741125106812,Non-Actionable
User_11227,,Demure,5,0,4.553.10000,2024-11-26 12:33:15,,,4.553.10000,Neutral,Value for Money,neutral,0.9571453928947449,0.9571453928947449,Non-Actionable
User_9350,,Just takes money for an unverified trip,1,0,4.553.10000,2024-11-30 00:20:53,,,4.553.10000,Neutral,Billing & Overcharging,neutral,0.9565038681030273,0.9565038681030273,Non-Actionable
User_2176,,Baisse de qualité trop importante. Je supprime mon compte et passe à la concurrence.,1,0,4.556.10005,2024-12-14 01:09:24,,,4.556.10005,Neutral,Driver Professionalism,neutral,0.9560278654098511,0.9560278654098511,Non-Actionable
User_10351,,I Ned a trip,5,0,4.546.10002,2024-11-27 23:55:24,,,4.546.10002,Neutral,Value for Money,neutral,0.9560074806213379,0.9560074806213379,Non-Actionable
User_8067,,Innocent,5,0,4.554.10001,2024-12-02 07:38:00,,,4.554.10001,Neutral,Value for Money,neutral,0.9558501839637756,0.9558501839637756,Non-Actionable
User_10232,,No personal consultation@,1,0,4.553.10000,2024-11-28 08:47:58,,,4.553.10000,Neutral,Value for Money,neutral,0.9558047652244568,0.9558047652244568,Non-Actionable
User_1225,,Excilant,5,0,4.556.10005,2024-12-15 22:04:23,,,4.556.10005,Neutral,Emergency/Safety Concerns,neutral,0.9553914070129395,0.9553914070129395,Non-Actionable
User_1378,,45 minutes of waiting time,1,0,4.555.10003,2024-12-15 15:48:27,,,4.555.10003,Neutral,Wait Times & Delays,neutral,0.9543264508247375,0.9543264508247375,Non-Actionable
User_5538,,Trash,2,0,4.555.10003,2024-12-06 22:07:59,,,4.555.10003,Neutral,Wait Times & Delays,neutral,0.9539180994033813,0.9539180994033813,Non-Actionable
User_2056,,No Comments.,5,0,4.555.10003,2024-12-14 08:58:56,,,4.555.10003,Neutral,Value for Money,neutral,0.9537557363510132,0.9537557363510132,Non-Actionable
User_4464,,"If you have to change screens/window to get the code in sms text, uber starts the process over and sends another code.",3,0,4.555.10003,2024-12-09 03:20:09,,,4.555.10003,Neutral,App UI & Technical Feedback,neutral,0.9537509679794312,0.9537509679794312,Non-Actionable
User_4324,,Reliable and low fare,5,0,4.555.10003,2024-12-09 11:22:32,,,4.555.10003,Neutral,Value for Money,neutral,0.9534923434257507,0.9534923434257507,Non-Actionable
User_9202,,Use OLA. Local for vocal. This is videshi east india company.,1,0,,2024-11-30 08:28:22,,,,Neutral,Value for Money,neutral,0.9532710313796997,0.9532710313796997,Non-Actionable
User_11784,,Great app. Could be a little better communicating with the driver for pickup,4,0,4.553.10000,2024-11-25 09:38:53,,,4.553.10000,Neutral,App UI & Technical Feedback,admiration,0.9526854753494263,0.9526854753494263,Non-Actionable
User_10286,,Some of drivers show up but most of your drivers in Summit county Ohio are picky and will cancel a ride right after they find out where they are going and when they do it then charges $30 and $40.,1,0,4.553.10000,2024-11-28 05:11:47,,,4.553.10000,Neutral,Billing & Overcharging,neutral,0.9525467753410339,0.9525467753410339,Non-Actionable
User_11531,,"At the start of the fair, the amount was showing ₹260 and after reaching the destination the driver was asking for ₹372.",1,0,4.553.10000,2024-11-25 20:33:20,,,4.553.10000,Neutral,Billing & Overcharging,neutral,0.9522060751914978,0.9522060751914978,Non-Actionable
User_2326,,Slow,1,0,4.555.10003,2024-12-13 19:31:33,,,4.555.10003,Neutral,Wait Times & Delays,neutral,0.9521986246109009,0.9521986246109009,Non-Actionable
User_2453,,Mere liye mast hai,5,0,4.556.10005,2024-12-13 13:42:16,,,4.556.10005,Neutral,Value for Money,neutral,0.9521416425704956,0.9521416425704956,Non-Actionable
User_8776,,Most ghatiya zarurat ke samay nehi milta,1,0,4.554.10001,2024-12-01 00:05:30,,,4.554.10001,Neutral,Value for Money,neutral,0.9521101117134094,0.9521101117134094,Non-Actionable
User_906,,Vary nic,5,0,4.556.10005,2024-12-16 16:46:16,,,4.556.10005,Neutral,Value for Money,neutral,0.950867235660553,0.950867235660553,Non-Actionable
User_2448,,"Drivers pulls up and cancels on the opposite side of the road and drives off, and you get charged for it",1,0,4.555.10003,2024-12-13 13:51:41,,,4.555.10003,Neutral,Billing & Overcharging,neutral,0.9492488503456116,0.9492488503456116,Non-Actionable
User_7369,,No offer price,1,0,4.553.10000,2024-12-03 10:48:14,,,4.553.10000,Neutral,Value for Money,neutral,0.9472013115882874,0.9472013115882874,Non-Actionable
User_3160,,free ride dikhata hey deta nehi,1,0,4.555.10003,2024-12-11 23:14:48,,,4.555.10003,Neutral,Value for Money,neutral,0.9471085071563721,0.9471085071563721,Non-Actionable
User_4783,,"খুব ভালো,,,,",5,0,4.555.10003,2024-12-08 13:02:48,,,4.555.10003,Neutral,Wait Times & Delays,neutral,0.9445136189460754,0.9445136189460754,Non-Actionable
User_6807,,Good experience but,5,0,4.554.10001,2024-12-04 11:54:44,,,4.554.10001,Neutral,Value for Money,admiration,0.9437466263771057,0.9437466263771057,Non-Actionable
User_2684,,3rd class app no driver is receiving the call .,1,0,,2024-12-13 00:19:34,,,,Neutral,Wait Times & Delays,neutral,0.9418399930000305,0.9418399930000305,Non-Actionable
User_5429,,Drivers have no,1,0,4.555.10003,2024-12-07 03:41:16,,,4.555.10003,Neutral,Emergency/Safety Concerns,neutral,0.9414247870445251,0.9414247870445251,Non-Actionable
User_10371,,"use less app suggest you to use another apps like rappido , ola or indrive all are indian and trusted apps",1,0,4.524.10000,2024-11-27 23:10:44,,,4.524.10000,Neutral,Value for Money,neutral,0.940351665019989,0.940351665019989,Non-Actionable
User_7189,,Takes a longtime to come,5,0,4.554.10001,2024-12-03 17:58:43,,,4.554.10001,Neutral,Wait Times & Delays,neutral,0.9401760697364807,0.9401760697364807,Non-Actionable
User_2183,,No sirve pa na,1,0,,2024-12-14 00:45:30,,,,Neutral,Value for Money,neutral,0.9399051070213318,0.9399051070213318,Non-Actionable
User_6710,,Driver except the ride and cancel it after 5 minutes,1,0,4.554.10001,2024-12-04 15:35:09,,,4.554.10001,Neutral,Wait Times & Delays,neutral,0.9392263293266296,0.9392263293266296,Non-Actionable
User_9214,,"stolen idea, copyrighted in 2004 from Australia",3,0,4.554.10001,2024-11-30 07:47:54,,,4.554.10001,Neutral,Emergency/Safety Concerns,neutral,0.9377278089523315,0.9377278089523315,Non-Actionable
User_3868,,Decent rate,5,0,4.555.10003,2024-12-10 11:31:16,,,4.555.10003,Neutral,Value for Money,admiration,0.9329414367675781,0.9329414367675781,Non-Actionable
User_6919,,Only service i use,5,0,4.554.10001,2024-12-04 06:09:40,,,4.554.10001,Neutral,Value for Money,neutral,0.9300709962844849,0.9300709962844849,Non-Actionable
User_1465,,Not user frindly,1,0,4.556.10005,2024-12-15 12:41:58,,,4.556.10005,Neutral,Driver Professionalism,neutral,0.927532434463501,0.927532434463501,Non-Actionable
User_4595,,Bekar app h doesn't use it,1,0,4.555.10003,2024-12-08 21:05:02,,,4.555.10003,Neutral,Value for Money,neutral,0.9230875372886658,0.9230875372886658,Non-Actionable
User_5227,,Rubbish,1,0,4.555.10003,2024-12-07 15:16:29,,,4.555.10003,Neutral,Wait Times & Delays,neutral,0.9202070832252502,0.9202070832252502,Non-Actionable
User_2625,,Doesn't ask to confirm purchase before sending request for ride,1,0,,2024-12-13 04:12:06,,,,Neutral,Driver Professionalism,neutral,0.9182326197624207,0.9182326197624207,Non-Actionable
User_5617,,Very nice junryy,5,0,4.555.10003,2024-12-06 19:04:32,,,4.555.10003,Neutral,Value for Money,admiration,0.9178479313850403,0.9178479313850403,Non-Actionable
User_8534,,খুবই ভালো,5,0,4.554.10001,2024-12-01 12:22:02,,,4.554.10001,Neutral,Emergency/Safety Concerns,neutral,0.9148463010787964,0.9148463010787964,Non-Actionable
User_6182,,No Tension,5,0,4.554.10001,2024-12-05 14:52:15,,,4.554.10001,Neutral,Driver Professionalism,neutral,0.913538932800293,0.913538932800293,Non-Actionable
User_4758,,মোঃ ফারুক,5,0,4.511.10001,2024-12-08 14:10:36,,,4.511.10001,Neutral,Emergency/Safety Concerns,neutral,0.9086743593215942,0.9086743593215942,Non-Actionable
User_845,,Reasonable fare,5,0,4.556.10005,2024-12-16 19:31:11,,,4.556.10005,Neutral,Value for Money,neutral,0.9073382616043091,0.9073382616043091,Non-Actionable
User_1242,,Wast of time.... better ola,1,0,4.519.10000,2024-12-15 21:18:40,,,4.519.10000,Neutral,Value for Money,neutral,0.902705192565918,0.902705192565918,Non-Actionable
User_2330,,Still require updation in accuracy on map,4,0,4.556.10005,2024-12-13 19:19:49,,,4.556.10005,Neutral,Value for Money,neutral,0.8973085284233093,0.8973085284233093,Non-Actionable
User_3816,,Laxed out. Driver was low key,5,0,4.555.10003,2024-12-10 14:02:39,,,4.555.10003,Neutral,Value for Money,neutral,0.8971526622772217,0.8971526622772217,Non-Actionable
User_6311,,నైస్ polite,5,0,4.554.10001,2024-12-05 09:32:07,,,4.554.10001,Neutral,Driver Professionalism,neutral,0.8969420194625854,0.8969420194625854,Non-Actionable
User_7370,,"Every time I use the app, it tells me a car is 3 minutes away. Then, when I book it, it jumps to 15 minutes away.",3,0,4.554.10001,2024-12-03 10:46:53,,,4.554.10001,Neutral,App UI & Technical Feedback,neutral,0.8916956186294556,0.8916956186294556,Non-Actionable
User_8049,,Not login,1,0,4.554.10001,2024-12-02 08:27:23,,,4.554.10001,Neutral,Wait Times & Delays,neutral,0.8895814418792725,0.8895814418792725,Non-Actionable
User_4172,,অনেক ভালো,4,0,4.555.10003,2024-12-09 17:55:37,,,4.555.10003,Neutral,Emergency/Safety Concerns,neutral,0.8894617557525635,0.8894617557525635,Non-Actionable
User_9160,,Normal,5,0,4.554.10001,2024-11-30 10:12:00,,,4.554.10001,Neutral,Value for Money,neutral,0.8884066343307495,0.8884066343307495,Non-Actionable
User_3874,,সেরা রাইডস,5,0,4.555.10003,2024-12-10 11:13:21,,,4.555.10003,Neutral,Wait Times & Delays,neutral,0.8871431946754456,0.8871431946754456,Non-Actionable
User_6516,,Nunca tive uma experiência ruim,5,0,4.554.10001,2024-12-04 22:34:49,,,4.554.10001,Neutral,Value for Money,neutral,0.8865868449211121,0.8865868449211121,Non-Actionable
User_6785,,Average,4,0,4.554.10001,2024-12-04 12:46:22,,,4.554.10001,Neutral,Value for Money,neutral,0.8854936361312866,0.8854936361312866,Non-Actionable
User_1862,,Average,3,0,4.556.10005,2024-12-14 16:57:00,,,4.556.10005,Neutral,Value for Money,neutral,0.8854936361312866,0.8854936361312866,Non-Actionable
User_10991,,Driver convenient app not a customer convenient,1,0,4.553.10000,2024-11-26 21:09:59,,,4.553.10000,Neutral,Value for Money,neutral,0.8809559345245361,0.8809559345245361,Non-Actionable
User_10965,,AI doesn't answer the question.,1,0,4.553.10000,2024-11-26 22:19:26,,,4.553.10000,Neutral,Wait Times & Delays,neutral,0.8773583173751831,0.8773583173751831,Non-Actionable
User_11113,,ভালো এফস,5,0,4.553.10000,2024-11-26 17:02:57,,,4.553.10000,Neutral,Value for Money,neutral,0.8757131099700928,0.8757131099700928,Non-Actionable
User_7073,,Easy interface,5,0,4.516.10000,2024-12-03 21:53:04,,,4.516.10000,Neutral,Value for Money,neutral,0.8756384253501892,0.8756384253501892,Non-Actionable
User_3912,,Not download,1,0,,2024-12-10 09:33:14,,,,Neutral,Wait Times & Delays,neutral,0.8744181394577026,0.8744181394577026,Non-Actionable
User_958,,Almost every ride has a different price than the given price at the beginning of the ride.,1,0,4.556.10005,2024-12-16 14:08:14,,,4.556.10005,Neutral,Value for Money,neutral,0.8742985725402832,0.8742985725402832,Non-Actionable
User_7434,,No way to see price without creating an account,1,0,4.554.10001,2024-12-03 08:07:16,,,4.554.10001,Neutral,Value for Money,neutral,0.8728074431419373,0.8728074431419373,Non-Actionable
User_4811,,Really unconscious,5,0,,2024-12-08 11:20:04,,,,Neutral,Wait Times & Delays,neutral,0.8672559857368469,0.8672559857368469,Non-Actionable
User_7286,,Would give less if I could,1,0,4.451.10004,2024-12-03 14:04:12,,,4.451.10004,Neutral,Value for Money,neutral,0.8670253157615662,0.8670253157615662,Non-Actionable
User_5450,,Slooooooooow app to start... slooooooooooow,4,0,4.535.10000,2024-12-07 02:14:11,,,4.535.10000,Neutral,App UI & Technical Feedback,neutral,0.8667899966239929,0.8667899966239929,Non-Actionable
User_11065,,The price they show you before requesting the trip is not the price you pay,1,0,4.553.10000,2024-11-26 19:02:33,,,4.553.10000,Neutral,Value for Money,neutral,0.8611955642700195,0.8611955642700195,Non-Actionable
User_705,,NO ME DEVUELVE LA PLATA DE LAS CANCELACIÓNES,1,0,4.556.10005,2024-12-17 01:20:41,,,4.556.10005,Neutral,Emergency/Safety Concerns,neutral,0.8602772355079651,0.8602772355079651,Non-Actionable
User_9435,,NO COMMENTS,5,0,4.553.10000,2024-11-29 21:18:37,,,4.553.10000,Neutral,Value for Money,neutral,0.8591452836990356,0.8591452836990356,Non-Actionable
User_11408,,It doesn't show you the price of the ride.,4,0,4.553.10000,2024-11-26 02:18:59,,,4.553.10000,Neutral,Value for Money,neutral,0.8554309010505676,0.8554309010505676,Non-Actionable
User_10263,,"Unverified driver drive, cancel or ask cash by scolding as well.",1,0,4.553.10000,2024-11-28 06:35:54,,,4.553.10000,Neutral,Emergency/Safety Concerns,neutral,0.8517462015151978,0.8517462015151978,Non-Actionable
User_8858,,Initially the app shows less money but increases the amount after reaching the destination,1,0,4.554.10001,2024-11-30 21:07:03,,,4.554.10001,Neutral,App UI & Technical Feedback,neutral,0.8512194156646729,0.8512194156646729,Non-Actionable
User_8008,,Customer service not support,1,0,4.553.10000,2024-12-02 09:54:25,,,4.553.10000,Neutral,Value for Money,neutral,0.8453740477561951,0.8453740477561951,Non-Actionable
User_5935,,"I recommend anyone new trying to sign up, don't. The code I got is incorrect.",1,0,4.554.10001,2024-12-06 02:03:26,,,4.554.10001,Neutral,Value for Money,disapproval,0.8395153880119324,0.8395153880119324,Non-Actionable
User_3284,,Only respond on standard template help desk message for fake trip issues. Not even consider any evidence provided.,1,0,4.555.10003,2024-12-11 17:51:29,,,4.555.10003,Neutral,Wait Times & Delays,neutral,0.833733320236206,0.833733320236206,Non-Actionable
User_4924,,Easy,5,0,4.555.10003,2024-12-08 05:34:16,,,4.555.10003,Neutral,Value for Money,neutral,0.8310332298278809,0.8310332298278809,Non-Actionable
User_6407,,Easy,5,0,4.539.10000,2024-12-05 03:48:18,,,4.539.10000,Neutral,Value for Money,neutral,0.8310332298278809,0.8310332298278809,Non-Actionable
User_6597,,Easy,5,0,4.552.10000,2024-12-04 19:41:23,,,4.552.10000,Neutral,Value for Money,neutral,0.8310332298278809,0.8310332298278809,Non-Actionable
User_5481,,Easy,5,0,4.555.10003,2024-12-07 00:20:34,,,4.555.10003,Neutral,Value for Money,neutral,0.8310332298278809,0.8310332298278809,Non-Actionable
User_6836,,Shows less amount when starting a ride & it gets changed by ending of the ride,1,0,4.554.10001,2024-12-04 10:38:17,,,4.554.10001,Neutral,App UI & Technical Feedback,neutral,0.8217006325721741,0.8217006325721741,Non-Actionable
User_1685,,They so cheap,5,0,4.556.10005,2024-12-14 23:54:36,,,4.556.10005,Neutral,Value for Money,neutral,0.8149433732032776,0.8149433732032776,Non-Actionable
User_11819,,Don't have a basic feature like switching destination and start point,1,0,4.553.10000,2024-11-25 08:29:53,,,4.553.10000,Neutral,App UI & Technical Feedback,neutral,0.8017764687538147,0.8017764687538147,Non-Actionable
User_2215,,UBAR experience mujhe bakwas laga . Sahi time pr koi except nhi karta ya fir karta hai to reject kar deta hai isse mujhe bahut taklif uthani pari aaj 😡,1,0,4.555.10003,2024-12-13 23:21:08,,,4.555.10003,Neutral,Wait Times & Delays,neutral,0.7977849841117859,0.7977849841117859,Non-Actionable
User_3134,,Doesn't even starting,1,0,4.556.10005,2024-12-12 00:34:00,,,4.556.10005,Neutral,Value for Money,neutral,0.7956445217132568,0.7956445217132568,Non-Actionable
User_3761,,"Very awkward.No scope to lodge complain easily,if any .",1,0,4.555.10003,2024-12-10 16:29:20,,,4.555.10003,Neutral,Wait Times & Delays,embarrassment,0.7905462384223938,0.7905462384223938,Non-Actionable
User_5571,,just wait time are longer in some areas otherwise everything is seamless and quick,5,0,4.548.10001,2024-12-06 20:53:29,,,4.548.10001,Neutral,Wait Times & Delays,neutral,0.7897030711174011,0.7897030711174011,Non-Actionable
User_3277,,Can't change language,1,0,4.555.10003,2024-12-11 18:07:59,,,4.555.10003,Neutral,Value for Money,neutral,0.7868120670318604,0.7868120670318604,Non-Actionable
User_2298,,Not worthy,1,0,,2024-12-13 20:29:18,,,,Neutral,Wait Times & Delays,disapproval,0.7867739796638489,0.7867739796638489,Non-Actionable
User_3903,,only 1 out of 10 drivers accept your request. Install only of you have got a lot of time to waste on bookings.,1,0,4.546.10002,2024-12-10 09:43:58,,,4.546.10002,Neutral,Value for Money,neutral,0.7683681845664978,0.7683681845664978,Non-Actionable
User_9368,,If you don't have in our town why you are keep on showing this add,1,0,,2024-11-29 23:31:09,,,,Neutral,Value for Money,neutral,0.7667101621627808,0.7667101621627808,Non-Actionable
User_1091,,"This keeps sending notifications that have nothing to do with a currently requested ride, like ads for Uber Eats. I've disabled options for unnecessary notifications and it still sends them. The only way I could find to stop it was to uninstall the app.",2,0,4.346.10006,2024-12-16 06:59:32,,,4.346.10006,Neutral,App UI & Technical Feedback,neutral,0.7660113573074341,0.7660113573074341,Non-Actionable
User_10892,,I am new in this app,4,0,4.184.10003,2024-11-27 00:46:46,,,4.184.10003,Neutral,App UI & Technical Feedback,neutral,0.7646870613098145,0.7646870613098145,Non-Actionable
User_10739,,"I've been in one of the uber vehicles where it was no Neatness at all. When I asked the driver why is it so dirty, he said ""this is not our vehicles these are CNG Uber vehicles"" which cleans once in 30 days. But these vehicles operates 24 hours /day can't expect this especially from Uber",1,0,4.553.10000,2024-11-27 10:11:47,,,4.553.10000,Neutral,Driver Professionalism,neutral,0.7622494697570801,0.7622494697570801,Non-Actionable
User_2260,,Ok but not so good,5,0,4.550.10001,2024-12-13 21:40:30,,,4.550.10001,Neutral,Emergency/Safety Concerns,disapproval,0.7619176506996155,0.7619176506996155,Non-Actionable
User_4174,,This app isn't very good I carnt get into my app,1,0,4.555.10003,2024-12-09 17:46:44,,,4.555.10003,Neutral,App UI & Technical Feedback,disapproval,0.7589420676231384,0.7589420676231384,Non-Actionable
User_3222,,Never come in time .,2,0,4.555.10003,2024-12-11 20:52:57,,,4.555.10003,Neutral,Wait Times & Delays,neutral,0.7544407248497009,0.7544407248497009,Non-Actionable
User_4308,,Ride fare and actual fare is very different.,1,0,4.555.10003,2024-12-09 11:52:41,,,4.555.10003,Neutral,Value for Money,neutral,0.7482892274856567,0.7482892274856567,Non-Actionable
User_3991,,Price is too inconsistent,2,0,4.555.10003,2024-12-10 03:37:56,,,4.555.10003,Neutral,Billing & Overcharging,neutral,0.7465678453445435,0.7465678453445435,Non-Actionable
User_1962,,Unfulfilled trips are not refunded,1,0,4.553.10000,2024-12-14 13:07:09,,,4.553.10000,Neutral,Value for Money,neutral,0.7461137175559998,0.7461137175559998,Non-Actionable
User_6805,,Right on time with nominal tariff,5,0,4.554.10001,2024-12-04 11:56:10,,,4.554.10001,Neutral,Value for Money,neutral,0.7389461994171143,0.7389461994171143,Non-Actionable
User_3613,,Not a useful app always expensive.,1,0,4.555.10003,2024-12-10 22:24:48,,,4.555.10003,Neutral,Value for Money,disapproval,0.7357163429260254,0.7357163429260254,Non-Actionable
User_6827,,"Althought It's convenient to use this app, yet, at times, the navigational aspect is not up to date. It takes you from a much longer route making you reach the destination very late than it should have been actually",3,0,4.554.10001,2024-12-04 11:01:05,,,4.554.10001,Neutral,App UI & Technical Feedback,neutral,0.732489824295044,0.732489824295044,Non-Actionable
User_10949,,"It won't open uninstalled, reinstalled won't open",1,0,4.553.10000,2024-11-26 22:52:01,,,4.553.10000,Neutral,Wait Times & Delays,neutral,0.7269249558448792,0.7269249558448792,Non-Actionable
User_1063,,Sometimes I am unable to find any driver's for,1,0,4.556.10005,2024-12-16 08:47:21,,,4.556.10005,Neutral,Wait Times & Delays,neutral,0.7246556282043457,0.7246556282043457,Non-Actionable
User_939,,Very bed and chip experience,1,0,4.556.10005,2024-12-16 15:00:37,,,4.556.10005,Neutral,Value for Money,neutral,0.720342218875885,0.720342218875885,Non-Actionable
User_803,,Excilent job,5,0,4.556.10005,2024-12-16 21:11:28,,,4.556.10005,Neutral,Value for Money,neutral,0.7140330076217651,0.7140330076217651,Non-Actionable
User_8000,,Still figuring it out,4,0,4.554.10001,2024-12-02 10:08:20,,,4.554.10001,Neutral,Wait Times & Delays,neutral,0.7135269641876221,0.7135269641876221,Non-Actionable
User_401,,"Many time ride is not coming, showing coming in 80- 90 min after the scheduled time. It actually means, it will never come. There is no call centre to handle the call. Driver never pick call at this situation. Why uber confirm booking,if there is no such ride. It happens with me 4 time in 40 days. No any option to write correct reason. Just have to cancel the ride after waiting 1 hour.",1,0,,2024-12-17 19:17:16,,,,Neutral,Wait Times & Delays,neutral,0.705632209777832,0.705632209777832,Non-Actionable
User_8760,,"This is not customer service ,, this is some kids playing on the floor",1,0,4.553.10000,2024-12-01 00:51:30,,,4.553.10000,Neutral,Value for Money,neutral,0.7026599645614624,0.7026599645614624,Non-Actionable
User_3072,,Zero help,1,0,,2024-12-12 04:24:34,,,,Neutral,Emergency/Safety Concerns,neutral,0.7016167640686035,0.7016167640686035,Non-Actionable
User_1872,,Okok,4,0,4.555.10003,2024-12-14 16:25:18,,,4.555.10003,Neutral,Value for Money,neutral,0.7005286812782288,0.7005286812782288,Non-Actionable
User_6424,,Very easy and time consuming,5,0,4.554.10001,2024-12-05 02:54:20,,,4.554.10001,Neutral,Value for Money,neutral,0.6992905735969543,0.6992905735969543,Non-Actionable
User_10388,,"When you have any issue, it's very difficult to make any complaint. Overall, not a very user friendly app.",3,0,4.553.10000,2024-11-27 22:36:44,,,4.553.10000,Neutral,App UI & Technical Feedback,disapproval,0.6986178755760193,0.6986178755760193,Non-Actionable
User_141,,Lacks too many things,1,0,,2024-12-18 10:58:26,,,,Neutral,Emergency/Safety Concerns,neutral,0.6921446323394775,0.6921446323394775,Non-Actionable
User_3671,,Wrost application..don't use it.. When I was booked auto there's shown affordable charges after dropped at door step auto driver ask for extra payment rather than shown in application... It is not worth it along with local travel,1,0,4.555.10003,2024-12-10 19:56:52,,,4.555.10003,Neutral,Billing & Overcharging,disapproval,0.6903088092803955,0.6903088092803955,Non-Actionable
User_4809,,"No cancel option , within 10 seconds i tried for cancel but They removed CANCEL option from app",1,0,4.397.10001,2024-12-08 11:25:47,,,4.397.10001,Neutral,App UI & Technical Feedback,neutral,0.6866253614425659,0.6866253614425659,Non-Actionable
User_11336,,Fairly easy.,5,0,4.553.10000,2024-11-26 07:22:31,,,4.553.10000,Neutral,Value for Money,approval,0.6812947392463684,0.6812947392463684,Non-Actionable
User_1687,,"They are not not addressing issues. And I get a response of ""we are unable to assist you with your concern this time."" I spoke to the merchant and they are happy to refund. I have let Uber know this and they have not dealt with the issue",1,0,4.556.10005,2024-12-14 23:42:11,,,4.556.10005,Neutral,Value for Money,neutral,0.6555022597312927,0.6555022597312927,Non-Actionable
User_2065,,All drivers receive next trip calls before completing the current trip which shouldn't be.,3,0,4.556.10005,2024-12-14 08:31:16,,,4.556.10005,Neutral,Wait Times & Delays,neutral,0.6524975895881653,0.6524975895881653,Non-Actionable
User_10893,,Discounts don't work because drivers rejecting them. They ask you the price it is displaying on your side then if they realize it's low they cancel,3,0,4.553.10000,2024-11-27 00:46:25,,,4.553.10000,Neutral,Value for Money,neutral,0.6503222584724426,0.6503222584724426,Non-Actionable
User_6828,,It is very good app but sometimes the fair price is different in riders app. It shows cheap fair price in mine but when the riders arrive he would say that the fair price is not what shown in my phone and charge little bit more amount.,3,0,4.554.10001,2024-12-04 10:51:40,,,4.554.10001,Neutral,App UI & Technical Feedback,admiration,0.6439066529273987,0.6439066529273987,Non-Actionable
User_10168,,The rates are okk.But sometimes it shows a rate before riding and it becomes higher after riding so it's not fair. The drivers charge extra payment always,3,0,4.536.10001,2024-11-28 11:58:50,,,4.536.10001,Neutral,Value for Money,disapproval,0.6394672989845276,0.6394672989845276,Non-Actionable
User_10335,,Extra charges are useless and not given a proper price for a trip,1,0,4.553.10000,2024-11-28 00:45:53,,,4.553.10000,Neutral,Value for Money,disapproval,0.6361106038093567,0.6361106038093567,Non-Actionable
User_11652,,I don't use it,3,0,4.553.10000,2024-11-25 15:46:21,,,4.553.10000,Neutral,Value for Money,disapproval,0.6348055601119995,0.6348055601119995,Non-Actionable
User_2363,,Paid 70p to STOP silly notifications but still I get them,1,0,4.556.10005,2024-12-13 18:08:15,,,4.556.10005,Neutral,Value for Money,neutral,0.6327913999557495,0.6327913999557495,Non-Actionable
User_299,,Not friendly nor intuitive,3,0,4.556.10005,2024-12-17 23:34:11,,,4.556.10005,Neutral,Wait Times & Delays,disapproval,0.6293856501579285,0.6293856501579285,Non-Actionable
User_6249,,"No problem with the driver. Not happy the promo code not accepted as first time user, costing me £5 (45% extra charge). Going to uninstall and use BOLT instead in future",3,0,4.554.10001,2024-12-05 12:10:58,,,4.554.10001,Neutral,Billing & Overcharging,neutral,0.6226025819778442,0.6226025819778442,Non-Actionable
User_3424,,The app should have a language change feature. Play Integrity only basic control should be applied. Passkey generation does not work.,4,0,,2024-12-11 10:50:18,,,,Neutral,Value for Money,disapproval,0.6168766617774963,0.6168766617774963,Non-Actionable
User_7186,,Ti ok,5,0,4.554.10001,2024-12-03 18:03:05,,,4.554.10001,Neutral,Value for Money,approval,0.6147845387458801,0.6147845387458801,Non-Actionable
User_6094,,Do not download.,1,0,4.538.10000,2024-12-05 18:54:03,,,4.538.10000,Neutral,Wait Times & Delays,neutral,0.6039510369300842,0.6039510369300842,Non-Actionable
User_9348,,Why no update,5,0,4.553.10000,2024-11-30 00:23:13,,,4.553.10000,Neutral,Wait Times & Delays,neutral,0.602329671382904,0.602329671382904,Non-Actionable
User_920,,Zero star I want give them,1,0,,2024-12-16 16:02:21,,,,Neutral,Value for Money,neutral,0.6006875038146973,0.6006875038146973,Non-Actionable
User_3573,,Sending me proof codes are unnecessary.,3,0,4.542.10002,2024-12-11 00:26:04,,,4.542.10002,Neutral,Value for Money,neutral,0.5885059833526611,0.5885059833526611,Non-Actionable
User_11638,,"Sometimes when ordering a ride the questions the app asks in terms of destinations do not pin correctly. Otherwise, when set up correctly, the at works quite well.",3,0,4.551.10000,2024-11-25 16:13:37,,,4.551.10000,Neutral,App UI & Technical Feedback,neutral,0.5879226326942444,0.5879226326942444,Non-Actionable
User_3796,,comfortable,5,0,4.548.10001,2024-12-10 15:02:08,,,4.548.10001,Neutral,Value for Money,neutral,0.5862568020820618,0.5862568020820618,Non-Actionable
User_336,,Ok but price promotions are needed also,5,0,4.556.10005,2024-12-17 21:37:54,,,4.556.10005,Neutral,Value for Money,approval,0.5854917764663696,0.5854917764663696,Non-Actionable
User_3913,,I uninstalled this app. The new update is not user friendly. Will no longer support it and no one else should.,1,0,4.486.10002,2024-12-10 09:33:00,,,4.486.10002,Neutral,Value for Money,neutral,0.5824350118637085,0.5824350118637085,Non-Actionable
User_2487,,Book karne se pahale kuch aur price dhikha ta haa aur drop karne ke bad kuch aur price pay karne ka option ajata haa,1,0,4.534.10000,2024-12-13 12:08:23,,,4.534.10000,Neutral,Value for Money,amusement,0.5817368626594543,0.5817368626594543,Non-Actionable
User_2898,,Why not man,4,0,4.555.10003,2024-12-12 14:51:00,,,4.555.10003,Neutral,Value for Money,neutral,0.5763225555419922,0.5763225555419922,Non-Actionable
User_403,,Sometimes I Have A Few Issues But It's Dependable For The Most Part,4,0,4.556.10005,2024-12-17 19:11:46,,,4.556.10005,Neutral,Value for Money,neutral,0.5731112957000732,0.5731112957000732,Non-Actionable
User_6365,,Awkward & extremely regimented. Choices incomplete and don't indicate problem.,2,0,4.554.10001,2024-12-05 06:55:41,,,4.554.10001,Neutral,Value for Money,embarrassment,0.5714548230171204,0.5714548230171204,Non-Actionable
User_9111,,Wait tym is too long,2,0,4.554.10001,2024-11-30 12:08:35,,,4.554.10001,Neutral,Wait Times & Delays,neutral,0.5673156976699829,0.5673156976699829,Non-Actionable
User_2396,,Very friendly and cautious,5,0,4.555.10003,2024-12-13 16:36:04,,,4.555.10003,Neutral,Emergency/Safety Concerns,neutral,0.5655360221862793,0.5655360221862793,Non-Actionable
User_760,,"I have a complaint regarding an incident, you kept closing the complaint yet you havent solve anything yet, reply on my uber thread, dont close the case",1,0,4.556.10005,2024-12-16 22:37:17,,,4.556.10005,Neutral,Wait Times & Delays,neutral,0.5636950731277466,0.5636950731277466,Non-Actionable
User_10473,,They don't have any responsibility. We have to pay even though they have their mistakes and bugs in the apps.,1,0,4.553.10000,2024-11-27 19:40:04,,,4.553.10000,Neutral,Value for Money,neutral,0.5635026097297668,0.5635026097297668,Non-Actionable
User_9537,,Worst app don't use it. Better use other ones,1,0,4.553.10000,2024-11-29 18:04:03,,,4.553.10000,Neutral,Value for Money,disapproval,0.5542716979980469,0.5542716979980469,Non-Actionable
User_6939,,"Is your trip going to cost you $20 or $200? You have no idea as Uber no longer provides price estimates. It might tell you it will give you a quote AFTER you book, but guess what? It doesn't. You literally have no idea what your going to be charged until they charge you!",1,0,4.475.10000,2024-12-04 04:46:27,,,4.475.10000,Neutral,Value for Money,neutral,0.5362350344657898,0.5362350344657898,Non-Actionable
User_4785,,uber is waste company I'm don't download n not use this time,1,0,4.555.10003,2024-12-08 12:55:55,,,4.555.10003,Neutral,Wait Times & Delays,neutral,0.5304102897644043,0.5304102897644043,Non-Actionable
User_10453,,Ok,5,0,4.549.10000,2024-11-27 20:27:43,,,4.549.10000,Neutral,Value for Money,approval,0.521038830280304,0.521038830280304,Non-Actionable
User_10483,,Ok,5,0,4.553.10000,2024-11-27 19:22:00,,,4.553.10000,Neutral,Value for Money,approval,0.521038830280304,0.521038830280304,Non-Actionable
User_11195,,Ok,5,0,4.553.10000,2024-11-26 13:35:02,,,4.553.10000,Neutral,Value for Money,approval,0.521038830280304,0.521038830280304,Non-Actionable
User_10747,,Ok,5,0,4.553.10000,2024-11-27 09:52:27,,,4.553.10000,Neutral,Value for Money,approval,0.521038830280304,0.521038830280304,Non-Actionable
User_11129,,Ok,5,0,4.553.10000,2024-11-26 16:25:52,,,4.553.10000,Neutral,Value for Money,approval,0.521038830280304,0.521038830280304,Non-Actionable
User_1312,,Ok,1,0,4.421.10001,2024-12-15 18:25:15,,,4.421.10001,Neutral,Value for Money,approval,0.521038830280304,0.521038830280304,Non-Actionable
User_3677,,Ok,3,0,,2024-12-10 19:43:36,,,,Neutral,Value for Money,approval,0.521038830280304,0.521038830280304,Non-Actionable
User_3008,,Ok,5,0,4.555.10003,2024-12-12 09:17:50,,,4.555.10003,Neutral,Value for Money,approval,0.521038830280304,0.521038830280304,Non-Actionable
User_7922,,Ok,5,0,4.553.10000,2024-12-02 12:49:57,,,4.553.10000,Neutral,Value for Money,approval,0.521038830280304,0.521038830280304,Non-Actionable
User_7867,,Ok,5,0,,2024-12-02 14:27:04,,,,Neutral,Value for Money,approval,0.521038830280304,0.521038830280304,Non-Actionable
User_11688,,Ok,5,0,,2024-11-25 13:54:52,,,,Neutral,Value for Money,approval,0.521038830280304,0.521038830280304,Non-Actionable
User_5780,,Ok,4,0,4.554.10001,2024-12-06 12:13:32,,,4.554.10001,Neutral,Value for Money,approval,0.521038830280304,0.521038830280304,Non-Actionable
User_5237,,Ok,5,0,4.555.10003,2024-12-07 14:38:19,,,4.555.10003,Neutral,Value for Money,approval,0.521038830280304,0.521038830280304,Non-Actionable
User_5691,,Ok,5,0,4.555.10003,2024-12-06 16:12:39,,,4.555.10003,Neutral,Value for Money,approval,0.521038830280304,0.521038830280304,Non-Actionable
User_6433,,Ok,5,0,4.533.10001,2024-12-05 02:10:13,,,4.533.10001,Neutral,Value for Money,approval,0.521038830280304,0.521038830280304,Non-Actionable
User_6672,,Ok,4,0,4.554.10001,2024-12-04 16:56:21,,,4.554.10001,Neutral,Value for Money,approval,0.521038830280304,0.521038830280304,Non-Actionable
User_7995,,Ok,5,0,4.554.10001,2024-12-02 10:20:36,,,4.554.10001,Neutral,Value for Money,approval,0.521038830280304,0.521038830280304,Non-Actionable
User_4149,,Ok,5,0,4.555.10003,2024-12-09 18:49:56,,,4.555.10003,Neutral,Value for Money,approval,0.521038830280304,0.521038830280304,Non-Actionable
User_2211,,Ok,5,0,4.554.10001,2024-12-13 23:33:49,,,4.554.10001,Neutral,Value for Money,approval,0.521038830280304,0.521038830280304,Non-Actionable
User_9908,,Ok,4,0,,2024-11-28 23:13:22,,,,Neutral,Value for Money,approval,0.521038830280304,0.521038830280304,Non-Actionable
User_10076,,Ok,5,0,4.553.10000,2024-11-28 15:48:08,,,4.553.10000,Neutral,Value for Money,approval,0.521038830280304,0.521038830280304,Non-Actionable
User_9181,,Ok,4,0,4.554.10001,2024-11-30 09:12:02,,,4.554.10001,Neutral,Value for Money,approval,0.521038830280304,0.521038830280304,Non-Actionable
User_4562,,Ok,5,0,4.555.10003,2024-12-08 22:25:07,,,4.555.10003,Neutral,Value for Money,approval,0.521038830280304,0.521038830280304,Non-Actionable
User_4383,,Ok,2,0,4.555.10003,2024-12-09 08:43:43,,,4.555.10003,Neutral,Value for Money,approval,0.521038830280304,0.521038830280304,Non-Actionable
User_10045,,Ok,5,0,4.553.10000,2024-11-28 17:05:12,,,4.553.10000,Neutral,Value for Money,approval,0.521038830280304,0.521038830280304,Non-Actionable
User_2415,,Ok,5,0,4.556.10005,2024-12-13 15:46:28,,,4.556.10005,Neutral,Value for Money,approval,0.521038830280304,0.521038830280304,Non-Actionable
User_9250,,Ok,4,0,4.542.10002,2024-11-30 05:25:08,,,4.542.10002,Neutral,Value for Money,approval,0.521038830280304,0.521038830280304,Non-Actionable
User_4904,,Ok,3,0,4.555.10003,2024-12-08 06:38:44,,,4.555.10003,Neutral,Value for Money,approval,0.521038830280304,0.521038830280304,Non-Actionable
User_4548,,Ok,5,0,4.555.10003,2024-12-08 22:45:09,,,4.555.10003,Neutral,Value for Money,approval,0.521038830280304,0.521038830280304,Non-Actionable
User_3260,,Ok,5,0,4.555.10003,2024-12-11 18:45:38,,,4.555.10003,Neutral,Value for Money,approval,0.521038830280304,0.521038830280304,Non-Actionable
User_3034,,Ok,4,0,4.555.10003,2024-12-12 07:25:18,,,4.555.10003,Neutral,Value for Money,approval,0.521038830280304,0.521038830280304,Non-Actionable
User_11980,,Ok,5,0,,2024-11-24 22:33:05,,,,Neutral,Value for Money,approval,0.5210383534431458,0.5210383534431458,Non-Actionable
User_632,,Cant use at home but still works on other countries. It is nicer to use.,5,0,4.556.10005,2024-12-17 06:49:53,,,4.556.10005,Neutral,Value for Money,approval,0.5189091563224792,0.5189091563224792,Non-Actionable
User_164,,Okk,5,0,4.547.10001,2024-12-18 08:58:42,,,4.547.10001,Neutral,Value for Money,neutral,0.5129753351211548,0.5129753351211548,Non-Actionable
User_2799,,peaceful,5,0,4.555.10003,2024-12-12 19:26:54,,,4.555.10003,Neutral,Driver Professionalism,neutral,0.4724622964859009,0.4724622964859009,Non-Actionable
User_1829,,Trash. Don't take update.,1,0,4.467.10008,2024-12-14 18:08:51,,,4.467.10008,Neutral,Wait Times & Delays,neutral,0.46253588795661926,0.46253588795661926,Non-Actionable
User_2540,,Not good but not bad,3,0,,2024-12-13 09:35:25,,,,Neutral,Wait Times & Delays,disapproval,0.4494940936565399,0.4494940936565399,Non-Actionable
User_10118,,"Nonsense,",1,0,4.553.10000,2024-11-28 14:03:37,,,4.553.10000,Neutral,Wait Times & Delays,neutral,0.4281863868236542,0.4281863868236542,Non-Actionable
User_9922,,"Very High Prices , not interested anymore",1,0,4.553.10000,2024-11-28 22:45:51,,,4.553.10000,Neutral,Billing & Overcharging,neutral,0.4146169424057007,0.4146169424057007,Non-Actionable
User_224,,"I'm using this app for three years.it was good that time,now full of scam .",1,0,4.556.10005,2024-12-18 04:11:04,,,4.556.10005,Neutral,Value for Money,approval,0.3975144028663635,0.3975144028663635,Non-Actionable
User_2671,,"So many bugs. 100's of bugs in the app, please fix the bugs before letting people use it.",1,0,,2024-12-13 01:09:55,,,,Neutral,App UI & Technical Feedback,neutral,0.39488333463668823,0.39488333463668823,Non-Actionable
User_6857,,"Whenever you ask if I want to rate your app now or later, I pick now. And I give a one star rating. Please stop giving us a fake choice.",1,0,4.554.10001,2024-12-04 09:38:00,,,4.554.10001,Neutral,App UI & Technical Feedback,neutral,0.38788580894470215,0.38788580894470215,Non-Actionable
User_7820,,Very peaceful,5,0,4.554.10001,2024-12-02 16:14:27,,,4.554.10001,Neutral,Value for Money,neutral,0.37554407119750977,0.37554407119750977,Non-Actionable
User_9840,,Very peaceful,5,0,4.553.10000,2024-11-29 03:23:03,,,4.553.10000,Neutral,Value for Money,neutral,0.37554407119750977,0.37554407119750977,Non-Actionable
User_4267,,Always welcome need to pay cash no one accepted online payment and discounts. What's the use of online payment options here in app,3,0,4.555.10003,2024-12-09 13:52:22,,,4.555.10003,Neutral,Value for Money,curiosity,0.3709418773651123,0.3709418773651123,Non-Actionable
User_9204,,Boring,1,0,,2024-11-30 08:22:57,,,,Neutral,Wait Times & Delays,disapproval,0.37002381682395935,0.37002381682395935,Non-Actionable
User_8950,,Well the app is nice but sometimes there are tecnical issues. Sometimes the fair is wrongly calculated because of tech issues. The Main problem is not this but that there is no place to voice your problem immediately. Such kind of resolutions must have direct support from tech teams but i don't find anyway. I can't keep waiting I would have to resolve it by paying whatever needed and get it resolved later. Be more convenient at least!!,4,0,,2024-11-30 17:54:33,,,,Neutral,App UI & Technical Feedback,disapproval,0.3608018457889557,0.3608018457889557,Non-Actionable
User_9161,,Good but slow,5,0,4.554.10001,2024-11-30 10:08:36,,,4.554.10001,Neutral,Wait Times & Delays,approval,0.33028480410575867,0.33028480410575867,Non-Actionable
User_9577,,"Useless app now they even refuse to connect with the drivers and shows as 'sorry it seems that there's no vehicle available, please come back later' but it clearly seen that there's multiple vehicles available. Piece of trash.",1,0,,2024-11-29 16:33:19,,,,Neutral,App UI & Technical Feedback,neutral,0.3145563006401062,0.3145563006401062,Non-Actionable
User_5390,,"App is a little daunting for a first time user, but I was able to sort it out in the end.",4,0,4.555.10003,2024-12-07 06:26:13,,,4.555.10003,Neutral,App UI & Technical Feedback,approval,0.21456383168697357,0.21456383168697357,Non-Actionable
